{"A": {"n": 9.86095810726794, "a": 9.632312190738741, "m": 8.762391711061914, "e": 10.50246514841397}, "B": {"n": 8.843438663762372, "a": 11.135734396151403, "m": 10.92202788643155, "e": 10.054964686167159}}